Airport,City,Country,Code,Continent,Put Your X Here
Montreal - Dorval (Montreal-Trudeau) (YUL),Montreal - Dorval (Montreal-Trudeau),Canada,YUL,North America,
Montreal - Mirabel (YMX),Montreal - Mirabel,Canada,YMX,North America,
Nanisivik (YSR),Nanisivik,Canada,YSR,North America,
Norman Wells (YVQ),Norman Wells,Canada,YVQ,North America,
Ottawa - Hull (YOW),Ottawa - Hull,Canada,YOW,North America,
"Port Menier, PQ (YPN)","Port Menier, PQ",Canada,YPN,North America,
Prince George (YXS),Prince George,Canada,YXS,North America,
Prince Rupert/Digby Island (YPR),Prince Rupert/Digby Island,Canada,YPR,North America,
Pukatawagan (XPK),Pukatawagan,Canada,XPK,North America,
Quebec - Quebec Int'l (YQB),Quebec - Quebec Int'l,Canada,YQB,North America,
"Rainbow Lake, AB (YOP)","Rainbow Lake, AB",Canada,YOP,North America,
Regina (YQR),Regina,Canada,YQR,North America,
Resolute Bay (YRB),Resolute Bay,Canada,YRB,North America,
Saint John (YSJ),Saint John,Canada,YSJ,North America,
Sandspit (YZP),Sandspit,Canada,YZP,North America,
Saskatoon (YXE),Saskatoon,Canada,YXE,North America,
"Shamattawa, MB (ZTM)","Shamattawa, MB",Canada,ZTM,North America,
Smithers (YYD),Smithers,Canada,YYD,North America,
"South Indian Lake, MB (XSI)","South Indian Lake, MB",Canada,XSI,North America,
"St. Augustin, PQ (YIF)","St. Augustin, PQ",Canada,YIF,North America,
St. John's (YYT),St. John's,Canada,YYT,North America,
"St. Pierre, NF (FSP)","St. Pierre, NF",Canada,FSP,North America,
Terrace (YXT),Terrace,Canada,YXT,North America,
The Pas (YQD),The Pas,Canada,YQD,North America,
Thompson (YTH),Thompson,Canada,YTH,North America,
Thunder Bay (YQT),Thunder Bay,Canada,YQT,North America,
Toronto Island (YTZ),Toronto Island,Canada,YTZ,North America,
Toronto - Lester B. Pearson (YYZ),Toronto - Lester B. Pearson,Canada,YYZ,North America,
Toronto (YTO),Toronto,Canada,YTO,North America,
Val d'Or (YVO),Val d'Or,Canada,YVO,North America,
Vancouver - Vancouver Int'l (YVR),Vancouver - Vancouver Int'l,Canada,YVR,North America,
Victoria (YYJ),Victoria,Canada,YYJ,North America,
Wabush (YWK),Wabush,Canada,YWK,North America,
"Whale Cove, NT (YXN)","Whale Cove, NT",Canada,YXN,North America,
Whitehorse (YXY),Whitehorse,Canada,YXY,North America,
Windsor Ontario (YQG),Windsor Ontario,Canada,YQG,North America,
Winnipeg Int'l (YWG),Winnipeg Int'l,Canada,YWG,North America,
Yellowknife (YZF),Yellowknife,Canada,YZF,North America,
Narsarsuaq (UAK),Narsarsuaq,Greenland,UAK,North America,
Soendre Stroemfjord (SFJ),Soendre Stroemfjord,Greenland,SFJ,North America,
Acapulco (ACA),Acapulco,Mexico,ACA,North America,
Aguascaliente (AGU),Aguascaliente,Mexico,AGU,North America,
Cancun (CUN),Cancun,Mexico,CUN,North America,
Chichen Itza (CZA),Chichen Itza,Mexico,CZA,North America,
"Chihuahua, Gen Fierro Villalobos (CUU)","Chihuahua, Gen Fierro Villalobos",Mexico,CUU,North America,
Ciudad Del Carmen (CME),Ciudad Del Carmen,Mexico,CME,North America,
Ciudad Juarez (CJS),Ciudad Juarez,Mexico,CJS,North America,
Ciudad Obregon (CEN),Ciudad Obregon,Mexico,CEN,North America,
Ciudad Victoria (CVM),Ciudad Victoria,Mexico,CVM,North America,
Colima (CLQ),Colima,Mexico,CLQ,North America,
Cozmel (CZM),Cozmel,Mexico,CZM,North America,
Culiacan (CUL),Culiacan,Mexico,CUL,North America,
Guadalajara (GDL),Guadalajara,Mexico,GDL,North America,
Hermosillo - Gen. Pesqueira Garcia (HMO),Hermosillo - Gen. Pesqueira Garcia,Mexico,HMO,North America,
Huatulco (HUX),Huatulco,Mexico,HUX,North America,
Ixtapa/Zihuatenejo (ZIH),Ixtapa/Zihuatenejo,Mexico,ZIH,North America,
La Paz - Leon (LAP),La Paz - Leon,Mexico,LAP,North America,
Lazaro Cardenas (LZC),Lazaro Cardenas,Mexico,LZC,North America,
Leon (BJX),Leon,Mexico,BJX,North America,
Loreto (LTO),Loreto,Mexico,LTO,North America,
Los Cabos (SJD),Los Cabos,Mexico,SJD,North America,
Los Mochis (LMM),Los Mochis,Mexico,LMM,North America,
Manzanillo (ZLO),Manzanillo,Mexico,ZLO,North America,
Mazatlan (MZT),Mazatlan,Mexico,MZT,North America,
Merida (MID),Merida,Mexico,MID,North America,
Mexicali (MXL),Mexicali,Mexico,MXL,North America,
Mexico City (MEX),Mexico City,Mexico,MEX,North America,
Mexico City - Juarez International (MEX),Mexico City - Juarez International,Mexico,MEX,North America,
Minatitlan (MTT),Minatitlan,Mexico,MTT,North America,
Monterrey (MTY),Monterrey,Mexico,MTY,North America,
Monterrey - Aeropuerto Del Norte (NTR),Monterrey - Aeropuerto Del Norte,Mexico,NTR,North America,
Morelia (MLM),Morelia,Mexico,MLM,North America,
Nuevo Laredo (NLD),Nuevo Laredo,Mexico,NLD,North America,
Oaxaca (OAX),Oaxaca,Mexico,OAX,North America,
Puebla (PBC),Puebla,Mexico,PBC,North America,
Puerto Escondido (PXM),Puerto Escondido,Mexico,PXM,North America,
Puerto Vallarta (PVR),Puerto Vallarta,Mexico,PVR,North America,
San Jose Cabo (SJD),San Jose Cabo,Mexico,SJD,North America,
San Luis Potosi (SLP),San Luis Potosi,Mexico,SLP,North America,
Santa Rosalia (SRL),Santa Rosalia,Mexico,SRL,North America,
Tampico - Gen. F. Javier Mina (TAM),Tampico - Gen. F. Javier Mina,Mexico,TAM,North America,
Tijuana - Rodriguez (TIJ),Tijuana - Rodriguez,Mexico,TIJ,North America,
Tuxtla Gutierrez (TGZ),Tuxtla Gutierrez,Mexico,TGZ,North America,
Veracruz (VER),Veracruz,Mexico,VER,North America,
Villahermosa (VSA),Villahermosa,Mexico,VSA,North America,
Zacatecas (ZCL),Zacatecas,Mexico,ZCL,North America,
"Aberdeen, SD (ABR)","Aberdeen, SD",USA,ABR,North America,
"Abilene, TX (ABI)","Abilene, TX",USA,ABI,North America,
"Akron, OH (CAK)","Akron, OH",USA,CAK,North America,
"Albany, GA (ABY)","Albany, GA",USA,ABY,North America,
"Albany, NY (ALB)","Albany, NY",USA,ALB,North America,
"Albuquerque, NM (ABQ)","Albuquerque, NM",USA,ABQ,North America,
"Alexandria, La (ESF)","Alexandria, La",USA,ESF,North America,
"Allentown, PA (ABE)","Allentown, PA",USA,ABE,North America,
"Altoona, PA (AOO)","Altoona, PA",USA,AOO,North America,
"Amarillo, TX (AMA)","Amarillo, TX",USA,AMA,North America,
"Anchorage, AK (ANC)","Anchorage, AK",USA,ANC,North America,
"Ann Arbor, MI (ARB)","Ann Arbor, MI",USA,ARB,North America,
"Anniston, AL (ANB)","Anniston, AL",USA,ANB,North America,
"Appelton/Neenah/Menasha, WI (ATW)","Appelton/Neenah/Menasha, WI",USA,ATW,North America,
"Asheville, NC (AVL)","Asheville, NC",USA,AVL,North America,
"Aspen Snowmass, CO (ASE)","Aspen Snowmass, CO",USA,ASE,North America,
"Athens, GA (AHN)","Athens, GA",USA,AHN,North America,
"Athens, OH (ATO)","Athens, OH",USA,ATO,North America,
"Atlanta, Hartsfield Atlanta Int'l Airport (ATL)","Atlanta, Hartsfield Atlanta Int'l Airport",USA,ATL,North America,
"Atlantic City, NJ (ACY)","Atlantic City, NJ",USA,ACY,North America,
"Augusta, GA (AGS)","Augusta, GA",USA,AGS,North America,
"Augusta, ME (AUG)","Augusta, ME",USA,AUG,North America,
"Austin, TX (AUS)","Austin, TX",USA,AUS,North America,
"Bakersfield, CA (BFL)","Bakersfield, CA",USA,BFL,North America,
Baltimore Washington Int'l Airport; MD (BWI),Baltimore Washington Int'l Airport; MD,USA,BWI,North America,
"Bangor, ME (BGR)","Bangor, ME",USA,BGR,North America,
"Baton Rouge, La (BTR)","Baton Rouge, La",USA,BTR,North America,
"Beaumont/Pt. Arthur, TX (BPT)","Beaumont/Pt. Arthur, TX",USA,BPT,North America,
"Beckley, WV (BKW)","Beckley, WV",USA,BKW,North America,
"Bellingham, WA (BLI)","Bellingham, WA",USA,BLI,North America,
"Bemidji, MN (BJI)","Bemidji, MN",USA,BJI,North America,
"Benton Harbour, MI (BEH)","Benton Harbour, MI",USA,BEH,North America,
"Bethel, AK (BET)","Bethel, AK",USA,BET,North America,
"Billings, MT (BIL)","Billings, MT",USA,BIL,North America,
"Birmingham, AL (BHM)","Birmingham, AL",USA,BHM,North America,
"Bismarck/Mandan, ND (BIS)","Bismarck/Mandan, ND",USA,BIS,North America,
"Bloomington, IL (BMI)","Bloomington, IL",USA,BMI,North America,
"Bloomington, IN (BMG)","Bloomington, IN",USA,BMG,North America,
"Bluefield, WV (BLF)","Bluefield, WV",USA,BLF,North America,
"Boise, ID (BOI)","Boise, ID",USA,BOI,North America,
"Borrego Springs, CA (BXS)","Borrego Springs, CA",USA,BXS,North America,
"Boston - Logan, MA (BOS)","Boston - Logan, MA",USA,BOS,North America,
"Bozeman, MT (BZN)","Bozeman, MT",USA,BZN,North America,
"Bradford/Warren, PA/Olean, NY (BFD)","Bradford/Warren, PA/Olean, NY",USA,BFD,North America,
"Brainerd, MN (BRD)","Brainerd, MN",USA,BRD,North America,
"Bridgeport, CT (BDR)","Bridgeport, CT",USA,BDR,North America,
"Brookings, SD (BKX)","Brookings, SD",USA,BKX,North America,
"Brunswick, GA (BQK)","Brunswick, GA",USA,BQK,North America,
"Buffalo/Niagara Falls, NY (BUF)","Buffalo/Niagara Falls, NY",USA,BUF,North America,
"Bullhead City, NV (BHC)","Bullhead City, NV",USA,BHC,North America,
"Burbank, CA (BUR)","Burbank, CA",USA,BUR,North America,
"Burlington, IA (BRL)","Burlington, IA",USA,BRL,North America,
"Burlington, VT (BTV)","Burlington, VT",USA,BTV,North America,
"Butte, MT (BTM)","Butte, MT",USA,BTM,North America,
"Carlsbad, CA (CLD)","Carlsbad, CA",USA,CLD,North America,
"Casper, WY (CPR)","Casper, WY",USA,CPR,North America,
"Cedar City, UT (CDC)","Cedar City, UT",USA,CDC,North America,
"Cedar Rapids, IA (CID)","Cedar Rapids, IA",USA,CID,North America,
"Champaign, IL (CMI)","Champaign, IL",USA,CMI,North America,
"Charleston, SC (CHS)","Charleston, SC",USA,CHS,North America,
"Charleston, WV (CRW)","Charleston, WV",USA,CRW,North America,
"Charlotte, NC (CLT)","Charlotte, NC",USA,CLT,North America,
"Charlottesville, VA (CHO)","Charlottesville, VA",USA,CHO,North America,
"Chattanooga, TN (CHA)","Chattanooga, TN",USA,CHA,North America,
"Cheyenne, WY (CYS)","Cheyenne, WY",USA,CYS,North America,
"Chicago, Midway, IL (MDW)","Chicago, Midway, IL",USA,MDW,North America,
"Chicago O'Hare Int'l Airport, IL (ORD)","Chicago O'Hare Int'l Airport, IL",USA,ORD,North America,
"Chicago, IL (CHI)","Chicago, IL",USA,CHI,North America,
"Chico, CA (CIC)","Chico, CA",USA,CIC,North America,
"Cincinnati, OH (CVG)","Cincinnati, OH",USA,CVG,North America,
"Clarksburg, WV (CKB)","Clarksburg, WV",USA,CKB,North America,
"Cleveland, Burke Lakefront, OH (BKL)","Cleveland, Burke Lakefront, OH",USA,BKL,North America,
"Cleveland, Hopkins, OH (CLE)","Cleveland, Hopkins, OH",USA,CLE,North America,
"Cody/Powell/Yellowstone, WY (COD)","Cody/Powell/Yellowstone, WY",USA,COD,North America,
"Coffmann Cove, AK (KCC)","Coffmann Cove, AK",USA,KCC,North America,
"College Station/Bryan, TX (CLL)","College Station/Bryan, TX",USA,CLL,North America,
"Colorado Springs, CO (COS)","Colorado Springs, CO",USA,COS,North America,
"Columbia, SC (CAE)","Columbia, SC",USA,CAE,North America,
"Columbus, GA (CSG)","Columbus, GA",USA,CSG,North America,
"Columbus, OH (CMH)","Columbus, OH",USA,CMH,North America,
"Concord, CA (CCR)","Concord, CA",USA,CCR,North America,
"Cordova, AK (CDV)","Cordova, AK",USA,CDV,North America,
"Corpus Christi, TX (CRP)","Corpus Christi, TX",USA,CRP,North America,
"Craig, AK (CGA)","Craig, AK",USA,CGA,North America,
"Crescent City, CA (CEC)","Crescent City, CA",USA,CEC,North America,
"Dallas, Love Field, TX (DAL)","Dallas, Love Field, TX",USA,DAL,North America,
"Dallas/Ft. Worth, TX (DFW)","Dallas/Ft. Worth, TX",USA,DFW,North America,
"Danville, VA (DAN)","Danville, VA",USA,DAN,North America,
"Dayton, OH (DAY)","Dayton, OH",USA,DAY,North America,
"Daytona Beach, FL (DAB)","Daytona Beach, FL",USA,DAB,North America,
"Decatur, IL (DEC)","Decatur, IL",USA,DEC,North America,
"Denver International Airport, CO (DEN)","Denver International Airport, CO",USA,DEN,North America,
"Des Moines, IA (DSM)","Des Moines, IA",USA,DSM,North America,
"Detroit City, MI (DET)","Detroit City, MI",USA,DET,North America,
"Detroit Metropolitan Wayne County Airport, MI (DTW)","Detroit Metropolitan Wayne County Airport, MI",USA,DTW,North America,
"Detroit Metropolitan Area, MI (DTT)","Detroit Metropolitan Area, MI",USA,DTT,North America,
"Devils Lake, ND (DVL)","Devils Lake, ND",USA,DVL,North America,
"Dillingham, AK (DLG)","Dillingham, AK",USA,DLG,North America,
"Dothan, AL (DHN)","Dothan, AL",USA,DHN,North America,
"Dubois, PA (DUJ)","Dubois, PA",USA,DUJ,North America,
"Dubuque, IA (DBQ)","Dubuque, IA",USA,DBQ,North America,
"Duluth, MN/Superior, WI (DLH)","Duluth, MN/Superior, WI",USA,DLH,North America,
"Durango, CO (DRO)","Durango, CO",USA,DRO,North America,
"Dutch Harbor, AK (DUT)","Dutch Harbor, AK",USA,DUT,North America,
"Eau Clarie, WI (EAU)","Eau Clarie, WI",USA,EAU,North America,
"El Paso, TX (ELP)","El Paso, TX",USA,ELP,North America,
"Elkhart, IN (EKI)","Elkhart, IN",USA,EKI,North America,
"Elko, NV (EKO)","Elko, NV",USA,EKO,North America,
"Elmira, NY (ELM)","Elmira, NY",USA,ELM,North America,
"Ely, NV (ELY)","Ely, NV",USA,ELY,North America,
"Erie, PA (ERI)","Erie, PA",USA,ERI,North America,
"Escabana, MI (ESC)","Escabana, MI",USA,ESC,North America,
"Eugene, OR (EUG)","Eugene, OR",USA,EUG,North America,
"Eureka, CA (ACV)","Eureka, CA",USA,ACV,North America,
"Evansville, IN (EVV)","Evansville, IN",USA,EVV,North America,
"Fairbanks, AK (FAI)","Fairbanks, AK",USA,FAI,North America,
"Fargo, ND, MN (FAR)","Fargo, ND, MN",USA,FAR,North America,
"Farmington, NM (FMN)","Farmington, NM",USA,FMN,North America,
"Fayetteville, AR (FYV)","Fayetteville, AR",USA,FYV,North America,
"Fayetteville/Ft. Bragg, NC (FAY)","Fayetteville/Ft. Bragg, NC",USA,FAY,North America,
"Flagstaff, AZ (FLG)","Flagstaff, AZ",USA,FLG,North America,
"Flint, MI (FNT)","Flint, MI",USA,FNT,North America,
"Florence, SC (FLO)","Florence, SC",USA,FLO,North America,
"Fort Dodge, IA (FOD)","Fort Dodge, IA",USA,FOD,North America,
"Fort Huachuca/Sierra Vista, AZ (FHU)","Fort Huachuca/Sierra Vista, AZ",USA,FHU,North America,
"Fort Lauderdale/Hollywood, FL (FLL)","Fort Lauderdale/Hollywood, FL",USA,FLL,North America,
"Fort Myers, Metropolitan Area, FL (FMY)","Fort Myers, Metropolitan Area, FL",USA,FMY,North America,
"Fort Myers, Southwest Florida Reg, FL (RSW)","Fort Myers, Southwest Florida Reg, FL",USA,RSW,North America,
"Fort Smith, AR (FSM)","Fort Smith, AR",USA,FSM,North America,
"Fort Walton Beach, FL (VPS)","Fort Walton Beach, FL",USA,VPS,North America,
"Fort Wayne, IN (FWA)","Fort Wayne, IN",USA,FWA,North America,
"Franklin/Oil City, PA (FKL)","Franklin/Oil City, PA",USA,FKL,North America,
"Fresno, CA (FAT)","Fresno, CA",USA,FAT,North America,
"Gadsden, AL (GAD)","Gadsden, AL",USA,GAD,North America,
"Gainesville, FL (GNV)","Gainesville, FL",USA,GNV,North America,
"Gilette, WY (GCC)","Gilette, WY",USA,GCC,North America,
"Glasgow, MT (GGW)","Glasgow, MT",USA,GGW,North America,
"Glendive, MT (GDV)","Glendive, MT",USA,GDV,North America,
"Grand Canyon, AZ (GCN)","Grand Canyon, AZ",USA,GCN,North America,
"Grand Forks, ND (GFK)","Grand Forks, ND",USA,GFK,North America,
"Grand Junction, CO (GJT)","Grand Junction, CO",USA,GJT,North America,
"Grand Rapids, MI (GRR)","Grand Rapids, MI",USA,GRR,North America,
"Grand Rapids, MN (GPZ)","Grand Rapids, MN",USA,GPZ,North America,
"Great Falls, MT (GTF)","Great Falls, MT",USA,GTF,North America,
"Green Bay, WI (GRB)","Green Bay, WI",USA,GRB,North America,
"Greenbrier/Lewisburg, WV (LWB)","Greenbrier/Lewisburg, WV",USA,LWB,North America,
"Greensboro/Winston Salem, NC (GSO)","Greensboro/Winston Salem, NC",USA,GSO,North America,
"Greenville, MS (GLH)","Greenville, MS",USA,GLH,North America,
"Greenville, NC (PGV)","Greenville, NC",USA,PGV,North America,
"Greenville/Spartanburg, SC (GSP)","Greenville/Spartanburg, SC",USA,GSP,North America,
"Groton/New London, CT (GON)","Groton/New London, CT",USA,GON,North America,
"Gulfport/Biloxi, MS (GPT)","Gulfport/Biloxi, MS",USA,GPT,North America,
"Gunnison/Crested Butte, CO (GUC)","Gunnison/Crested Butte, CO",USA,GUC,North America,
"Haines, AK (HNS)","Haines, AK",USA,HNS,North America,
"Hancock, MI (CMX)","Hancock, MI",USA,CMX,North America,
"Harlington/South Padre Island, TX (HRL)","Harlington/South Padre Island, TX",USA,HRL,North America,
"Harrisburg, PA - Harrisburg Skyport (HAR)","Harrisburg, PA - Harrisburg Skyport",USA,HAR,North America,
"Harrisburg, PA - Harrisburg Int'l (MDT)","Harrisburg, PA - Harrisburg Int'l",USA,MDT,North America,
"Hartford, CT/Springfield, MA (BDL)","Hartford, CT/Springfield, MA",USA,BDL,North America,
"Havre, MT (HVR)","Havre, MT",USA,HVR,North America,
"Helena, MT (HLN)","Helena, MT",USA,HLN,North America,
"Hibbing, MN (HIB)","Hibbing, MN",USA,HIB,North America,
"Hickory, NC (HKY)","Hickory, NC",USA,HKY,North America,
"Hilo, HI (ITO)","Hilo, HI",USA,ITO,North America,
"Hilton Head Island, SC (HHH)","Hilton Head Island, SC",USA,HHH,North America,
"Homer, AK (HOM)","Homer, AK",USA,HOM,North America,
"Honolulu, HI (HNL)","Honolulu, HI",USA,HNL,North America,
"Hoonah, AK (HNH)","Hoonah, AK",USA,HNH,North America,
"Houston, Hobby, TX (HOU)","Houston, Hobby, TX",USA,HOU,North America,
"Houston, Intercontinental, TX (IAH)","Houston, Intercontinental, TX",USA,IAH,North America,
"Huntington, OH (HTS)","Huntington, OH",USA,HTS,North America,
"Huntsville, AL (HSV)","Huntsville, AL",USA,HSV,North America,
"Huron, SD (HON)","Huron, SD",USA,HON,North America,
"Hyannis, MA (HYA)","Hyannis, MA",USA,HYA,North America,
"Hydaburg, AK (HYG)","Hydaburg, AK",USA,HYG,North America,
"Idaho Falls, ID (IDA)","Idaho Falls, ID",USA,IDA,North America,
"Iliamna, AK (ILI)","Iliamna, AK",USA,ILI,North America,
"Imperial, CA (IPL)","Imperial, CA",USA,IPL,North America,
"Indianapolis, IN (IND)","Indianapolis, IN",USA,IND,North America,
"International Falls, MN (INL)","International Falls, MN",USA,INL,North America,
"Inykern, CA (IYK)","Inykern, CA",USA,IYK,North America,
"Ithaca/Cortland, NY (ITH)","Ithaca/Cortland, NY",USA,ITH,North America,
"Jackson Hole, WY (JAC)","Jackson Hole, WY",USA,JAC,North America,
"Jackson, MI (JXN)","Jackson, MI",USA,JXN,North America,
"Jackson, MS (JAN)","Jackson, MS",USA,JAN,North America,
"Jackson, TN (MKL)","Jackson, TN",USA,MKL,North America,
"Jacksonville, FL (JAX)","Jacksonville, FL",USA,JAX,North America,
"Jacksonville, NC (OAJ)","Jacksonville, NC",USA,OAJ,North America,
"Jamestown, ND (JMS)","Jamestown, ND",USA,JMS,North America,
"Jamestown, NY (JHW)","Jamestown, NY",USA,JHW,North America,
"Johnstown, PA (JST)","Johnstown, PA",USA,JST,North America,
"Joplin, MO (JLN)","Joplin, MO",USA,JLN,North America,
"Juneau, AK - Juneau Int'l (JNU)","Juneau, AK - Juneau Int'l",USA,JNU,North America,
"Kahului, HI (OGG)","Kahului, HI",USA,OGG,North America,
"Kalamazoo/Battle Creek, MI (AZO)","Kalamazoo/Battle Creek, MI",USA,AZO,North America,
"Kalispell, MT (FCA)","Kalispell, MT",USA,FCA,North America,
"Kamuela, HI (MUE)","Kamuela, HI",USA,MUE,North America,
"Kansas City, MO - Int'l (MCI)","Kansas City, MO - Int'l",USA,MCI,North America,
"Kapalua West, HI (JHM)","Kapalua West, HI",USA,JHM,North America,
"Kaunakakai, HI (MKK)","Kaunakakai, HI",USA,MKK,North America,
"Kenai, AK (ENA)","Kenai, AK",USA,ENA,North America,
"Ketchikan, AK (KTN)","Ketchikan, AK",USA,KTN,North America,
"Key West, FL (EYW)","Key West, FL",USA,EYW,North America,
"Killeem, TX (ILE)","Killeem, TX",USA,ILE,North America,
"King Salomon, AK (AKN)","King Salomon, AK",USA,AKN,North America,
"Kingston, NC (ISO)","Kingston, NC",USA,ISO,North America,
"Klamath Fall, OR (LMT)","Klamath Fall, OR",USA,LMT,North America,
"Klawock, AK (KLW)","Klawock, AK",USA,KLW,North America,
"Knoxville, TN (TYS)","Knoxville, TN",USA,TYS,North America,
"Kodiak, AK (ADQ)","Kodiak, AK",USA,ADQ,North America,
"Kona, HI (KOA)","Kona, HI",USA,KOA,North America,
"Kotzbue, AK (OTZ)","Kotzbue, AK",USA,OTZ,North America,
"Labouchere Bay, AK (WLB)","Labouchere Bay, AK",USA,WLB,North America,
"La Crosse, WI (LSE)","La Crosse, WI",USA,LSE,North America,
"Lafayette, IN (LAF)","Lafayette, IN",USA,LAF,North America,
"Lafayette, La (LFT)","Lafayette, La",USA,LFT,North America,
"Lake Charles, La (LCH)","Lake Charles, La",USA,LCH,North America,
"Lake Havasu City, AZ (HII)","Lake Havasu City, AZ",USA,HII,North America,
"Lake Tahoe, CA (TVL)","Lake Tahoe, CA",USA,TVL,North America,
"Lanai City, HI (LNY)","Lanai City, HI",USA,LNY,North America,
"Lancaster, PA (LNS)","Lancaster, PA",USA,LNS,North America,
"Lansing, MI (LAN)","Lansing, MI",USA,LAN,North America,
"Laramie, WY (LAR)","Laramie, WY",USA,LAR,North America,
"Laredo, TX (LRD)","Laredo, TX",USA,LRD,North America,
"Las Vegas, NV (LAS)","Las Vegas, NV",USA,LAS,North America,
"Latrobe, PA (LBE)","Latrobe, PA",USA,LBE,North America,
"Laurel/Hattisburg, MS (PIB)","Laurel/Hattisburg, MS",USA,PIB,North America,
"Lawton, OK (LAW)","Lawton, OK",USA,LAW,North America,
"Lebanon, NH (LEB)","Lebanon, NH",USA,LEB,North America,
"Lewiston, ID (LWS)","Lewiston, ID",USA,LWS,North America,
"Lewistown, MT (LWT)","Lewistown, MT",USA,LWT,North America,
"Lexington, KY (LEX)","Lexington, KY",USA,LEX,North America,
"Lihue, HI (LIH)","Lihue, HI",USA,LIH,North America,
"Lincoln, NE (LNK)","Lincoln, NE",USA,LNK,North America,
"Little Rock, AR (LIT)","Little Rock, AR",USA,LIT,North America,
"Long Beach, CA (LGB)","Long Beach, CA",USA,LGB,North America,
"Long Island, AK (LIJ)","Long Island, AK",USA,LIJ,North America,
"Long Island, Islip, NY - Mac Arthur (ISP)","Long Island, Islip, NY - Mac Arthur",USA,ISP,North America,
"Longview/Kilgore, TX (GGG)","Longview/Kilgore, TX",USA,GGG,North America,
"Los Angeles, CA - Int'l (LAX)","Los Angeles, CA - Int'l",USA,LAX,North America,
"Louisville, KY (SDF)","Louisville, KY",USA,SDF,North America,
"Lubbock, TX (LBB)","Lubbock, TX",USA,LBB,North America,
"Lynchburg, VA (LYH)","Lynchburg, VA",USA,LYH,North America,
"Macon, GA (MCN)","Macon, GA",USA,MCN,North America,
"Madison, WI (MSN)","Madison, WI",USA,MSN,North America,
"Manchester, NH (MHT)","Manchester, NH",USA,MHT,North America,
"Marathon, FL (MTH)","Marathon, FL",USA,MTH,North America,
"Marquette, MI (MQT)","Marquette, MI",USA,MQT,North America,
"Martha's Vineyard, MA (MVY)","Martha's Vineyard, MA",USA,MVY,North America,
"Mason City, IA (MCW)","Mason City, IA",USA,MCW,North America,
"Mattoon, IL (MTO)","Mattoon, IL",USA,MTO,North America,
"McAllen, TX (MFE)","McAllen, TX",USA,MFE,North America,
"Medford, OR (MFR)","Medford, OR",USA,MFR,North America,
"Melbourne, FL (MLB)","Melbourne, FL",USA,MLB,North America,
"Memphis, TN (MEM)","Memphis, TN",USA,MEM,North America,
"Merced, CA (MCE)","Merced, CA",USA,MCE,North America,
"Meridian, MS (MEI)","Meridian, MS",USA,MEI,North America,
"Metlakatla, AK (MTM)","Metlakatla, AK",USA,MTM,North America,
"Miami, FL (MIA)","Miami, FL",USA,MIA,North America,
"Midland/Odessa, TX (MAF)","Midland/Odessa, TX",USA,MAF,North America,
"Miles City, MT (MLS)","Miles City, MT",USA,MLS,North America,
"Milwaukee, WI (MKE)","Milwaukee, WI",USA,MKE,North America,
"Minneapolis - St. Paul Int'l Airport, MN (MSP)","Minneapolis - St. Paul Int'l Airport, MN",USA,MSP,North America,
"Minot, ND (MOT)","Minot, ND",USA,MOT,North America,
"Missula, MT (MSO)","Missula, MT",USA,MSO,North America,
"Mitchell, SD (MHE)","Mitchell, SD",USA,MHE,North America,
"Mobile, AL - Pascagoula, MS (MOB)","Mobile, AL - Pascagoula, MS",USA,MOB,North America,
"Modesto, CA (MOD)","Modesto, CA",USA,MOD,North America,
"Moline/Quad Cities, IL (MLI)","Moline/Quad Cities, IL",USA,MLI,North America,
"Monroe, La (MLU)","Monroe, La",USA,MLU,North America,
"Monterey, CA (MRY)","Monterey, CA",USA,MRY,North America,
"Montgomery, AL (MGM)","Montgomery, AL",USA,MGM,North America,
"Montrose/Tellruide, CO (MTJ)","Montrose/Tellruide, CO",USA,MTJ,North America,
"Morgantown, WV (MGW)","Morgantown, WV",USA,MGW,North America,
"Moses Lake, WA (MWH)","Moses Lake, WA",USA,MWH,North America,
"Mt. McKinley, AK (MCL)","Mt. McKinley, AK",USA,MCL,North America,
"Muscle Shoals, AL (MSL)","Muscle Shoals, AL",USA,MSL,North America,
"Muskegon, MI (MKG)","Muskegon, MI",USA,MKG,North America,
"Myrtle Beach, SC (MYR)","Myrtle Beach, SC",USA,MYR,North America,
"Nantucket, MA (ACK)","Nantucket, MA",USA,ACK,North America,
"Naples, FL (APF)","Naples, FL",USA,APF,North America,
"Nashville, TN (BNA)","Nashville, TN",USA,BNA,North America,
"New Bern, NC (EWN)","New Bern, NC",USA,EWN,North America,
"New Haven, CT (HVN)","New Haven, CT",USA,HVN,North America,
"New Orleans, La (MSY)","New Orleans, La",USA,MSY,North America,
"New York - John F. Kennedy, NY (JFK)","New York - John F. Kennedy, NY",USA,JFK,North America,
"New York - La Guardia, NY (LGA)","New York - La Guardia, NY",USA,LGA,North America,
"New York - Newark, NJ (EWR)","New York - Newark, NJ",USA,EWR,North America,
"New York, NY (NYC)","New York, NY",USA,NYC,North America,
"Newburgh, NY (SWF)","Newburgh, NY",USA,SWF,North America,
"Newport News/Williamsburg, VA (PHF)","Newport News/Williamsburg, VA",USA,PHF,North America,
Niagara Falls Int'l (IAG),Niagara Falls Int'l,USA,IAG,North America,
"Nome, AK (OME)","Nome, AK",USA,OME,North America,
"Norfolk/Virginia Beach, VA (ORF)","Norfolk/Virginia Beach, VA",USA,ORF,North America,
"North Bend, OR (OTH)","North Bend, OR",USA,OTH,North America,
"Oakland, CA (OAK)","Oakland, CA",USA,OAK,North America,
"Oklahoma City, OK - Will Rogers World (OKC)","Oklahoma City, OK - Will Rogers World",USA,OKC,North America,
"Omaha, NE (OMA)","Omaha, NE",USA,OMA,North America,
"Ontario, CA (ONT)","Ontario, CA",USA,ONT,North America,
"Orange County (Santa Ana), CA (SNA)","Orange County (Santa Ana), CA",USA,SNA,North America,
"Orlando Metropolitan Area, FL (ORL)","Orlando Metropolitan Area, FL",USA,ORL,North America,
"Oshkosh, WI (OSH)","Oshkosh, WI",USA,OSH,North America,
"Owensboro, KY (OWB)","Owensboro, KY",USA,OWB,North America,
"Oxnard, CA (OXR)","Oxnard, CA",USA,OXR,North America,
"Paducah, KY (PAH)","Paducah, KY",USA,PAH,North America,
"Page/Lake Powell, AZ (PGA)","Page/Lake Powell, AZ",USA,PGA,North America,
"Pakersburg, WV/Marietta, OH (PKB)","Pakersburg, WV/Marietta, OH",USA,PKB,North America,
"Palm Springs, CA (PSP)","Palm Springs, CA",USA,PSP,North America,
"Palmdale/Lancaster, CA (PMD)","Palmdale/Lancaster, CA",USA,PMD,North America,
"Panama City, FL (PFN)","Panama City, FL",USA,PFN,North America,
"Pasco, WA (PSC)","Pasco, WA",USA,PSC,North America,
"Pellston, MI (PLN)","Pellston, MI",USA,PLN,North America,
"Pendelton, OR (PDT)","Pendelton, OR",USA,PDT,North America,
"Pensacola, FL (PNS)","Pensacola, FL",USA,PNS,North America,
"Peoria/Bloomington, IL (PIA)","Peoria/Bloomington, IL",USA,PIA,North America,
"Petersburg, AK (PSG)","Petersburg, AK",USA,PSG,North America,
"Philadelphia, PA - Int'l (PHL)","Philadelphia, PA - Int'l",USA,PHL,North America,
"Phoenix, AZ - Sky Harbor Int'l (PHX)","Phoenix, AZ - Sky Harbor Int'l",USA,PHX,North America,
"Pierre, SD (PIR)","Pierre, SD",USA,PIR,North America,
"Pittsburgh Int'l Airport, PA (PIT)","Pittsburgh Int'l Airport, PA",USA,PIT,North America,
"Plattsburgh, NY (PLB)","Plattsburgh, NY",USA,PLB,North America,
"Pocatello, ID (PIH)","Pocatello, ID",USA,PIH,North America,
"Port Angeles, WA (CLM)","Port Angeles, WA",USA,CLM,North America,
"Portland, ME (PWM)","Portland, ME",USA,PWM,North America,
"Portland Int'l, OR (PDX)","Portland Int'l, OR",USA,PDX,North America,
"Poughkeepsie, NY (POU)","Poughkeepsie, NY",USA,POU,North America,
"Presque Island, ME (PQI)","Presque Island, ME",USA,PQI,North America,
"Providence, RI (PVD)","Providence, RI",USA,PVD,North America,
"Prudhoe Bay, AK (SCC)","Prudhoe Bay, AK",USA,SCC,North America,
"Pueblo, CO (PUB)","Pueblo, CO",USA,PUB,North America,
"Pullman, WA (PUW)","Pullman, WA",USA,PUW,North America,
"Quincy, IL (UIN)","Quincy, IL",USA,UIN,North America,
"Raleigh/Durham, NC (RDU)","Raleigh/Durham, NC",USA,RDU,North America,
"Rapid City, SD (RAP)","Rapid City, SD",USA,RAP,North America,
"Reading, PA (RDG)","Reading, PA",USA,RDG,North America,
"Redding, CA (RDD)","Redding, CA",USA,RDD,North America,
"Redmond, OR (RDM)","Redmond, OR",USA,RDM,North America,
"Reno, NV (RNO)","Reno, NV",USA,RNO,North America,
"Rhinelander, WI (RHI)","Rhinelander, WI",USA,RHI,North America,
"Richmond, VA (RIC)","Richmond, VA",USA,RIC,North America,
"Roanoke, VA (ROA)","Roanoke, VA",USA,ROA,North America,
"Rochester, MN (RST)","Rochester, MN",USA,RST,North America,
"Rochester, NY (ROC)","Rochester, NY",USA,ROC,North America,
"Rock Springs, WY (RKS)","Rock Springs, WY",USA,RKS,North America,
"Rockford, IL (RFD)","Rockford, IL",USA,RFD,North America,
"Rockland, ME (RKD)","Rockland, ME",USA,RKD,North America,
"Rocky Mount - Wilson, NC (RWI)","Rocky Mount - Wilson, NC",USA,RWI,North America,
"Sacramento, CA (SMF)","Sacramento, CA",USA,SMF,North America,
"Saginaw/Bay City/Midland, MI (MBS)","Saginaw/Bay City/Midland, MI",USA,MBS,North America,
"Salem, OR (SLE)","Salem, OR",USA,SLE,North America,
"Salinas, CA (SNS)","Salinas, CA",USA,SNS,North America,
"Salisbury, MD (SBY)","Salisbury, MD",USA,SBY,North America,
"Salt Lake City, UT (SLC)","Salt Lake City, UT",USA,SLC,North America,
"San Angelo, TX (SJT)","San Angelo, TX",USA,SJT,North America,
"San Antonio, TX (SAT)","San Antonio, TX",USA,SAT,North America,
"San Diego - Lindberg Field Int'l, CA (SAN)","San Diego - Lindberg Field Int'l, CA",USA,SAN,North America,
"San Francisco - Int'l Airport, SA (SFO)","San Francisco - Int'l Airport, SA",USA,SFO,North America,
"San Jose, CA (SJC)","San Jose, CA",USA,SJC,North America,
"San Luis Obisco, CA (SBP)","San Luis Obisco, CA",USA,SBP,North America,
"Santa Barbara, CA (SBA)","Santa Barbara, CA",USA,SBA,North America,
"Santa Maria, CA (SMX)","Santa Maria, CA",USA,SMX,North America,
"Santa Rosa, CA (STS)","Santa Rosa, CA",USA,STS,North America,
"Sarasota/Bradenton, FL (SRQ)","Sarasota/Bradenton, FL",USA,SRQ,North America,
"Savannah, GA (SAV)","Savannah, GA",USA,SAV,North America,
"Scottsdale, AZ (SCF)","Scottsdale, AZ",USA,SCF,North America,
"Seattle/Tacoma, WA (SEA)","Seattle/Tacoma, WA",USA,SEA,North America,
"Shenandoah Valley/Stauton, VA (SHD)","Shenandoah Valley/Stauton, VA",USA,SHD,North America,
"Sheridan, WY (SHR)","Sheridan, WY",USA,SHR,North America,
"Shreveport, La (SHV)","Shreveport, La",USA,SHV,North America,
"Sidney, MT (SDY)","Sidney, MT",USA,SDY,North America,
"Sioux City, IA (SUX)","Sioux City, IA",USA,SUX,North America,
"Sioux Falls, SD (FSD)","Sioux Falls, SD",USA,FSD,North America,
"Sitka, AK (SIT)","Sitka, AK",USA,SIT,North America,
"Skagway, AK (SGY)","Skagway, AK",USA,SGY,North America,
"South Bend, IN (SBN)","South Bend, IN",USA,SBN,North America,
"Spokane, WA (GEG)","Spokane, WA",USA,GEG,North America,
"Springfield, IL (SPI)","Springfield, IL",USA,SPI,North America,
"Springfield, MO (SGF)","Springfield, MO",USA,SGF,North America,
"St. George, UT (SGU)","St. George, UT",USA,SGU,North America,
"St. Louis - Lambert, MO (STL)","St. Louis - Lambert, MO",USA,STL,North America,
"State College/Belefonte, PA (SCE)","State College/Belefonte, PA",USA,SCE,North America,
"Steamboat Springs, CO (HDN)","Steamboat Springs, CO",USA,HDN,North America,
"Stockton, CA (SCK)","Stockton, CA",USA,SCK,North America,
"Sun Valley, ID (SUN)","Sun Valley, ID",USA,SUN,North America,
"Syracuse, NY (SYR)","Syracuse, NY",USA,SYR,North America,
"Talkeetna, AK (TKA)","Talkeetna, AK",USA,TKA,North America,
"Tallahassee, FL (TLH)","Tallahassee, FL",USA,TLH,North America,
"Tampa Int'l, FL (TPA)","Tampa Int'l, FL",USA,TPA,North America,
"Telluride, CO (TEX)","Telluride, CO",USA,TEX,North America,
"Terre Haute, IN (HUF)","Terre Haute, IN",USA,HUF,North America,
"Texarkana, AR (TXK)","Texarkana, AR",USA,TXK,North America,
"Thief River Falls, MN (TVF)","Thief River Falls, MN",USA,TVF,North America,
"Thorne Bay, AK (KTB)","Thorne Bay, AK",USA,KTB,North America,
"Toledo, OH (TOL)","Toledo, OH",USA,TOL,North America,
"Traverse City, MI (TVC)","Traverse City, MI",USA,TVC,North America,
"Trenton/Princeton, NJ (TTN)","Trenton/Princeton, NJ",USA,TTN,North America,
"Tri-Cities Regional, TN/VA (TRI)","Tri-Cities Regional, TN/VA",USA,TRI,North America,
"Tucson, AZ (TUS)","Tucson, AZ",USA,TUS,North America,
"Tulepo, MS (TUP)","Tulepo, MS",USA,TUP,North America,
"Tulsa, OK (TUL)","Tulsa, OK",USA,TUL,North America,
"Tuscaloosa, AL (TCL)","Tuscaloosa, AL",USA,TCL,North America,
"Twin Falls, ID (TWF)","Twin Falls, ID",USA,TWF,North America,
"Tyler, TX (TYR)","Tyler, TX",USA,TYR,North America,
"Utica, NY (UCA)","Utica, NY",USA,UCA,North America,
"Vail, CO (EGE)","Vail, CO",USA,EGE,North America,
"Valdez, AK (VDZ)","Valdez, AK",USA,VDZ,North America,
"Valdosta, GA (VLD)","Valdosta, GA",USA,VLD,North America,
"Vernal, UT (VEL)","Vernal, UT",USA,VEL,North America,
"Vero Beach/Ft. Pierce, FL (VRB)","Vero Beach/Ft. Pierce, FL",USA,VRB,North America,
"Visalia, CA (VIS)","Visalia, CA",USA,VIS,North America,
"Waco, TX (ACT)","Waco, TX",USA,ACT,North America,
"Walla Walla, WA (ALW)","Walla Walla, WA",USA,ALW,North America,
Washington DC - Baltimore Washington Int'l (BWI),Washington DC - Baltimore Washington Int'l,USA,BWI,North America,
Washington DC - Dulles Int'l (IAD),Washington DC - Dulles Int'l,USA,IAD,North America,
Washington DC - Ronald Reagan National (DCA),Washington DC - Ronald Reagan National,USA,DCA,North America,
"Washington, DC (WAS)","Washington, DC",USA,WAS,North America,
"Waterloo, IA (ALO)","Waterloo, IA",USA,ALO,North America,
"Watertown, SD (ATY)","Watertown, SD",USA,ATY,North America,
"Wausau/Stevens Point, WI (CWA)","Wausau/Stevens Point, WI",USA,CWA,North America,
"Wenatchee, WA (EAT)","Wenatchee, WA",USA,EAT,North America,
"West Palm Beach, FL (PBI)","West Palm Beach, FL",USA,PBI,North America,
"West Yellowstone, MT (WYS)","West Yellowstone, MT",USA,WYS,North America,
"White Plains, NY (HPN)","White Plains, NY",USA,HPN,North America,
"Wichita Falls, TX (SPS)","Wichita Falls, TX",USA,SPS,North America,
"Wichita, KS (ICT)","Wichita, KS",USA,ICT,North America,
"Wilkes Barre/Scranton, PA (AVP)","Wilkes Barre/Scranton, PA",USA,AVP,North America,
"Williamsport, PA (IPT)","Williamsport, PA",USA,IPT,North America,
"Williston, ND (ISL)","Williston, ND",USA,ISL,North America,
"Wilmington, NC (ILM)","Wilmington, NC",USA,ILM,North America,
"Wolf Point, MT (OLF)","Wolf Point, MT",USA,OLF,North America,
"Worcester, MA (ORH)","Worcester, MA",USA,ORH,North America,
"Worland, WY (WRL)","Worland, WY",USA,WRL,North America,
"Wrangell, AK (WRG)","Wrangell, AK",USA,WRG,North America,
"Yakima, WA (YKM)","Yakima, WA",USA,YKM,North America,
"Yakutat, AK (YAK)","Yakutat, AK",USA,YAK,North America,
"Yuma, AZ (YUM)","Yuma, AZ",USA,YUM,North America,
"Orlando Int'l Airport, FL (ORL)","Orlando Int'l Airport, FL",USA,ORL,North America,
"Buenos Aires, Jorge Newbery (AEP)","Buenos Aires, Jorge Newbery",Argentina,AEP,South America,
Barranquilla (BAQ),Barranquilla,Colombia,BAQ,South America,
Buenos Aires (BUE),Buenos Aires,Argentina,BUE,South America,
Catagena (CTG),Catagena,Colombia,CTG,South America,
"Buenos Aires, Ezeiza Int'l Airport (EZE)","Buenos Aires, Ezeiza Int'l Airport",Argentina,EZE,South America,
"Iguazu, Cataratas (IGR)","Iguazu, Cataratas",Argentina,IGR,South America,
Easter Island (IPC),Easter Island,Chile,IPC,South America,
Lima - J Chavez Int'l (LIM),Lima - J Chavez Int'l,Peru,LIM,South America,
Montevideo - Carrasco (MVD),Montevideo - Carrasco,Uruguay,MVD,South America,
Santiago de Chile - Arturo Merino Benitez (SCL),Santiago de Chile - Arturo Merino Benitez,Chile,SCL,South America,
Quito - Mariscal Sucr (UIO),Quito - Mariscal Sucr,Ecuador,UIO,South America,
La Paz - El Alto (LPB),La Paz - El Alto,Bolivia,LPB,South America,
Santa Cruz de la Sierra (SRZ),Santa Cruz de la Sierra,Bolivia,SRZ,South America,
Punta Arenas (PUQ),Punta Arenas,Chile,PUQ,South America,
Valparaiso (VAP),Valparaiso,Chile,VAP,South America,
Bogota (BOG),Bogota,Colombia,BOG,South America,
Bucaramanga (BGA),Bucaramanga,Colombia,BGA,South America,
Iquitos (IQT),Iquitos,Peru,IQT,South America,
Cordoba (COR),Cordoba,Argentina,COR,South America,
Mar del Plata (MDQ),Mar del Plata,Argentina,MDQ,South America,
Mendoza (MDZ),Mendoza,Argentina,MDZ,South America,
Rosario (ROS),Rosario,Argentina,ROS,South America,
"Salta, Gen Belgrano (SLA)","Salta, Gen Belgrano",Argentina,SLA,South America,
San Carlos de Bariloche (BRC),San Carlos de Bariloche,Argentina,BRC,South America,
Santa Rosa (RSA),Santa Rosa,Argentina,RSA,South America,
Cochabamba (CBB),Cochabamba,Bolivia,CBB,South America,
Santa Rosa (SRB),Santa Rosa,Bolivia,SRB,South America,
Rio de Janeiro - Galeao (GIG),Rio de Janeiro - Galeao,Brazil,GIG,South America,
Rio de Janeiro - Santos Dumont (SDU),Rio de Janeiro - Santos Dumont,Brazil,SDU,South America,
Rio de Janeiro (RIO),Rio de Janeiro,Brazil,RIO,South America,
Sao Paulo (SAO),Sao Paulo,Brazil,SAO,South America,
Sao Paulo - Congonhas (CGH),Sao Paulo - Congonhas,Brazil,CGH,South America,
Sao Paulo - Guarulhos (GRU),Sao Paulo - Guarulhos,Brazil,GRU,South America,
Sao Paulo - Viracopos (VCP),Sao Paulo - Viracopos,Brazil,VCP,South America,
Aracaju (AJU),Aracaju,Brazil,AJU,South America,
Belem (BEL),Belem,Brazil,BEL,South America,
Belo Horizonte (CNF),Belo Horizonte,Brazil,CNF,South America,
Boa Vista (BVB),Boa Vista,Brazil,BVB,South America,
Brasilia (BSB),Brasilia,Brazil,BSB,South America,
Campo Grande (CGR),Campo Grande,Brazil,CGR,South America,
Cuiaba (CGB),Cuiaba,Brazil,CGB,South America,
Curitiba (CWB),Curitiba,Brazil,CWB,South America,
Florianopolis (FLN),Florianopolis,Brazil,FLN,South America,
Fortaleza (FOR),Fortaleza,Brazil,FOR,South America,
Goiania (GYN),Goiania,Brazil,GYN,South America,
Guarulhos Int'l - Sao Paulo (GRU),Guarulhos Int'l - Sao Paulo,Brazil,GRU,South America,
Joacaba (JCB),Joacaba,Brazil,JCB,South America,
Joao Pessoa - Castro Pinto (JPA),Joao Pessoa - Castro Pinto,Brazil,JPA,South America,
Macapa (MCP),Macapa,Brazil,MCP,South America,
Maceio (MCZ),Maceio,Brazil,MCZ,South America,
Manaus (MAO),Manaus,Brazil,MAO,South America,
Montenegro (QGF),Montenegro,Brazil,QGF,South America,
Natal (NAT),Natal,Brazil,NAT,South America,
Porto Alegre (POA),Porto Alegre,Brazil,POA,South America,
Porto Velho (PVH),Porto Velho,Brazil,PVH,South America,
Recife (REC),Recife,Brazil,REC,South America,
Rio Branco (RBR),Rio Branco,Brazil,RBR,South America,
Salvador (SSA),Salvador,Brazil,SSA,South America,
Santa Rosa (SRA),Santa Rosa,Brazil,SRA,South America,
Sao Luis (SLZ),Sao Luis,Brazil,SLZ,South America,
Teresina (THE),Teresina,Brazil,THE,South America,
"Uberlandia, MG (UDI)","Uberlandia, MG",Brazil,UDI,South America,
Vitoria (VIX),Vitoria,Brazil,VIX,South America,
Cali (CLO),Cali,Colombia,CLO,South America,
Medellin (MDE),Medellin,Colombia,MDE,South America,
Armenia (AXS),Armenia,Colombia,AXS,South America,
Pereira (PEI),Pereira,Colombia,PEI,South America,
San Andres (ADZ),San Andres,Colombia,ADZ,South America,
Santa Rosalia (SSL),Santa Rosalia,Colombia,SSL,South America,
Guayaquil (GYE),Guayaquil,Ecuador,GYE,South America,
Salinas (SNC),Salinas,Ecuador,SNC,South America,
Cayenne (CAY),Cayenne,French Guayana,CAY,South America,
Conakry (CKY),Conakry,Guinea,CKY,South America,
Labe (LEK),Labe,Guinea,LEK,South America,
Bissau (BXO),Bissau,Guinea Bissau,BXO,South America,
Georgetown (GEO),Georgetown,Guyana,GEO,South America,
Asuncion (ASU),Asuncion,Paraguay,ASU,South America,
Barcelona (BLA),Barcelona,Venezuela,BLA,South America,
Caracas (CCS),Caracas,Venezuela,CCS,South America,
Maracaibo - La Chinita (MAR),Maracaibo - La Chinita,Venezuela,MAR,South America,
Margerita (PMV),Margerita,Venezuela,PMV,South America,
Puerto Ordaz (PZO),Puerto Ordaz,Venezuela,PZO,South America,
Valencia (VLN),Valencia,Venezuela,VLN,South America,
Alice Springs (ASP),Alice Springs,Australia,ASP,South Pacific,
Ayers Rock (AYQ),Ayers Rock,Australia,AYQ,South Pacific,
Perth Int'l (PER),Perth Int'l,Australia,PER,South Pacific,
Bora Bora (BOB),Bora Bora,French Polynesia,BOB,South Pacific,
Papeete - Faaa (PPT),Papeete - Faaa,French Polynesia (Tahiti),PPT,South Pacific,
Pago Pago (PPG),Pago Pago,American Samoa,PPG,South Pacific,
Adelaide (ADL),Adelaide,Australia,ADL,South Pacific,
Albany (ALH),Albany,Australia,ALH,South Pacific,
Albury (ABX),Albury,Australia,ABX,South Pacific,
Ayr (AYR),Ayr,Australia,AYR,South Pacific,
Ballina (BNK),Ballina,Australia,BNK,South Pacific,
Bamaga (ABM),Bamaga,Australia,ABM,South Pacific,
Blackwater (BLT),Blackwater,Australia,BLT,South Pacific,
Bowen (ZBO),Bowen,Australia,ZBO,South Pacific,
Brampton Island (BMP),Brampton Island,Australia,BMP,South Pacific,
Brisbane (BNE),Brisbane,Australia,BNE,South Pacific,
Broken Hill (BHQ),Broken Hill,Australia,BHQ,South Pacific,
Broome (BME),Broome,Australia,BME,South Pacific,
Bundaberg (BDB),Bundaberg,Australia,BDB,South Pacific,
Burnie (Wynyard) (BWT),Burnie (Wynyard),Australia,BWT,South Pacific,
Cairns (CNS),Cairns,Australia,CNS,South Pacific,
Canberra (CBR),Canberra,Australia,CBR,South Pacific,
Carnarvon (CVQ),Carnarvon,Australia,CVQ,South Pacific,
Casino (CSI),Casino,Australia,CSI,South Pacific,
Ceduna (CED),Ceduna,Australia,CED,South Pacific,
Cessnock (CES),Cessnock,Australia,CES,South Pacific,
Charters Towers (CXT),Charters Towers,Australia,CXT,South Pacific,
Clermont (CMQ),Clermont,Australia,CMQ,South Pacific,
Coffs Harbour (CFS),Coffs Harbour,Australia,CFS,South Pacific,
Collinsville (KCE),Collinsville,Australia,KCE,South Pacific,
Coober Pedy (CPD),Coober Pedy,Australia,CPD,South Pacific,
Cooktown (CTN),Cooktown,Australia,CTN,South Pacific,
Cooma (OOM),Cooma,Australia,OOM,South Pacific,
Dalby (DBY),Dalby,Australia,DBY,South Pacific,
Darwin (DRW),Darwin,Australia,DRW,South Pacific,
Daydream Island (DDI),Daydream Island,Australia,DDI,South Pacific,
Derby (DRB),Derby,Australia,DRB,South Pacific,
Devonport (DPO),Devonport,Australia,DPO,South Pacific,
Dubbo (DBO),Dubbo,Australia,DBO,South Pacific,
Dunk Iceland (DKI),Dunk Iceland,Australia,DKI,South Pacific,
Dysart (DYA),Dysart,Australia,DYA,South Pacific,
Emerald (EDR),Emerald,Australia,EDR,South Pacific,
Emerald (EMD),Emerald,Australia,EMD,South Pacific,
Esperance (EPR),Esperance,Australia,EPR,South Pacific,
Geelong (GEX),Geelong,Australia,GEX,South Pacific,
Geraldton (GET),Geraldton,Australia,GET,South Pacific,
Gladstone (GLT),Gladstone,Australia,GLT,South Pacific,
Gold Coast (OOL),Gold Coast,Australia,OOL,South Pacific,
Goondiwindi (GOO),Goondiwindi,Australia,GOO,South Pacific,
Gove (Nhulunbuy) (GOV),Gove (Nhulunbuy),Australia,GOV,South Pacific,
Great Keppel Island (GKL),Great Keppel Island,Australia,GKL,South Pacific,
Griffith (GFF),Griffith,Australia,GFF,South Pacific,
Groote Eyeland (GTE),Groote Eyeland,Australia,GTE,South Pacific,
Groote Eylandt (GTI),Groote Eylandt,Australia,GTI,South Pacific,
Gympie (GYP),Gympie,Australia,GYP,South Pacific,
Hamilton (HLT),Hamilton,Australia,HLT,South Pacific,
Hamilton Island (HTI),Hamilton Island,Australia,HTI,South Pacific,
Hayman Island (HIS),Hayman Island,Australia,HIS,South Pacific,
Hervey Bay (HVB),Hervey Bay,Australia,HVB,South Pacific,
Hinchinbrook Island (HNK),Hinchinbrook Island,Australia,HNK,South Pacific,
Hobart (HBA),Hobart,Australia,HBA,South Pacific,
Home Hill (HMH),Home Hill,Australia,HMH,South Pacific,
Ingham (IGH),Ingham,Australia,IGH,South Pacific,
Innisfail (IFL),Innisfail,Australia,IFL,South Pacific,
Kalgoorlie (KGI),Kalgoorlie,Australia,KGI,South Pacific,
Karratha (KTA),Karratha,Australia,KTA,South Pacific,
Karumba (KRB),Karumba,Australia,KRB,South Pacific,
Katherine (KTR),Katherine,Australia,KTR,South Pacific,
Kingscote (KGC),Kingscote,Australia,KGC,South Pacific,
Kowanyama (KWM),Kowanyama,Australia,KWM,South Pacific,
Kununurra (KNX),Kununurra,Australia,KNX,South Pacific,
Launceston (LST),Launceston,Australia,LST,South Pacific,
Laverton (LVO),Laverton,Australia,LVO,South Pacific,
Learmouth (Exmouth) (LEA),Learmouth (Exmouth),Australia,LEA,South Pacific,
Leinster (LER),Leinster,Australia,LER,South Pacific,
Leonora (LNO),Leonora,Australia,LNO,South Pacific,
Lindeman Island (LDC),Lindeman Island,Australia,LDC,South Pacific,
Lismore (LSY),Lismore,Australia,LSY,South Pacific,
Lizard Island (LZR),Lizard Island,Australia,LZR,South Pacific,
Lockhart River (IRG),Lockhart River,Australia,IRG,South Pacific,
Longreach (LRE),Longreach,Australia,LRE,South Pacific,
Mackay (MKY),Mackay,Australia,MKY,South Pacific,
Maitland (MTL),Maitland,Australia,MTL,South Pacific,
Maryborough (MBH),Maryborough,Australia,MBH,South Pacific,
Meekatharra (MKR),Meekatharra,Australia,MKR,South Pacific,
Melbourne - Tullamarine (MEL),Melbourne - Tullamarine,Australia,MEL,South Pacific,
Merimbula (MIM),Merimbula,Australia,MIM,South Pacific,
Middlemount (MMM),Middlemount,Australia,MMM,South Pacific,
Mildura (MQL),Mildura,Australia,MQL,South Pacific,
Moranbah (MOV),Moranbah,Australia,MOV,South Pacific,
Moree (MRZ),Moree,Australia,MRZ,South Pacific,
Mount Gambier (MGB),Mount Gambier,Australia,MGB,South Pacific,
Mount Magnet (MMG),Mount Magnet,Australia,MMG,South Pacific,
Mt. Isa (ISA),Mt. Isa,Australia,ISA,South Pacific,
Narrabri (NAA),Narrabri,Australia,NAA,South Pacific,
Narrandera (NRA),Narrandera,Australia,NRA,South Pacific,
Newcastle - Belmont (BEO),Newcastle - Belmont,Australia,BEO,South Pacific,
Newcastle - Williamtown (NTL),Newcastle - Williamtown,Australia,NTL,South Pacific,
Newman (ZNE),Newman,Australia,ZNE,South Pacific,
Noosa (NSA),Noosa,Australia,NSA,South Pacific,
Norfolk Island (NLK),Norfolk Island,Australia,NLK,South Pacific,
Olympic Dam (OLP),Olympic Dam,Australia,OLP,South Pacific,
Orange (OAG),Orange,Australia,OAG,South Pacific,
Orpheus Island (ORS),Orpheus Island,Australia,ORS,South Pacific,
Paraburdoo (PBO),Paraburdoo,Australia,PBO,South Pacific,
Port Augusta (PUG),Port Augusta,Australia,PUG,South Pacific,
Port Hedland (PHE),Port Hedland,Australia,PHE,South Pacific,
Portland (PTJ),Portland,Australia,PTJ,South Pacific,
Port Lincoln (PLO),Port Lincoln,Australia,PLO,South Pacific,
Port Macquarie (PQQ),Port Macquarie,Australia,PQQ,South Pacific,
Prosperpine (PPP),Prosperpine,Australia,PPP,South Pacific,
Queenstown (UEE),Queenstown,Australia,UEE,South Pacific,
Rockhampton (ROK),Rockhampton,Australia,ROK,South Pacific,
Scone (NSO),Scone,Australia,NSO,South Pacific,
Shute Harbour (JHQ),Shute Harbour,Australia,JHQ,South Pacific,
Singleton (SIX),Singleton,Australia,SIX,South Pacific,
South Molle Island (SOI),South Molle Island,Australia,SOI,South Pacific,
Streaky Bay (KBY),Streaky Bay,Australia,KBY,South Pacific,
Sunshine Coast (MCY),Sunshine Coast,Australia,MCY,South Pacific,
Sydney - Kingsford Smith (SYD),Sydney - Kingsford Smith,Australia,SYD,South Pacific,
Tamworth (TMW),Tamworth,Australia,TMW,South Pacific,
Taree (TRO),Taree,Australia,TRO,South Pacific,
Temora (TEM),Temora,Australia,TEM,South Pacific,
Tennant Creek (TCA),Tennant Creek,Australia,TCA,South Pacific,
Thursday Island (TIS),Thursday Island,Australia,TIS,South Pacific,
Tom Price (TPR),Tom Price,Australia,TPR,South Pacific,
Toowoomba (TWB),Toowoomba,Australia,TWB,South Pacific,
Townsville (TSV),Townsville,Australia,TSV,South Pacific,
Wagga (WGA),Wagga,Australia,WGA,South Pacific,
Warrnambool (WMB),Warrnambool,Australia,WMB,South Pacific,
Weipa (WEI),Weipa,Australia,WEI,South Pacific,
Whitsunday Resort (HAP),Whitsunday Resort,Australia,HAP,South Pacific,
Whyalla (WYA),Whyalla,Australia,WYA,South Pacific,
Wickham (WHM),Wickham,Australia,WHM,South Pacific,
Wiluna (WUN),Wiluna,Australia,WUN,South Pacific,
Wollongong (WOL),Wollongong,Australia,WOL,South Pacific,
Woomera (UMR),Woomera,Australia,UMR,South Pacific,
Wyndham (WYN),Wyndham,Australia,WYN,South Pacific,
Huahine (HUH),Huahine,French Polynesia,HUH,South Pacific,
Manihi (XMH),Manihi,French Polynesia,XMH,South Pacific,
Maupiti (MAU),Maupiti,French Polynesia,MAU,South Pacific,
Moorea (MOZ),Moorea,French Polynesia,MOZ,South Pacific,
Raiatea (RFP),Raiatea,French Polynesia,RFP,South Pacific,
Rangiroa (RGI),Rangiroa,French Polynesia,RGI,South Pacific,
Grenada (GND),Grenada,Grenada,GND,South Pacific,
Agana (SUM),Agana,Guam,SUM,South Pacific,
Guam (GUM),Guam,Guam,GUM,South Pacific,
Rarotonga Cook (RAR),Rarotonga Cook,Island,RAR,South Pacific,
King Island (KNS),King Island,King Island,KNS,South Pacific,
Lifou (LIF),Lifou,"Loyaute, Pazifik",LIF,South Pacific,
Pohnpei (PNI),Pohnpei,Micronesia,PNI,South Pacific,
Ile des Pins (ILP),Ile des Pins,New Caledonia,ILP,South Pacific,
Ile Ouen (IOU),Ile Ouen,New Caledonia,IOU,South Pacific,
Mare (MEE),Mare,New Caledonia,MEE,South Pacific,
Noumea (NOU),Noumea,New Caledonia,NOU,South Pacific,
Touho (TOU),Touho,New Caledonia,TOU,South Pacific,
Saipan (SPN),Saipan,Northern Mariana Islands,SPN,South Pacific,
Apia (APW),Apia,Samoa,APW,South Pacific,
Guadalcanal (GSI),Guadalcanal,Solomon Islands,GSI,South Pacific,
Honiara Henderson Int'l (HIR),Honiara Henderson Int'l,Solomon Islands,HIR,South Pacific,
Port Vila (VLI),Port Vila,Vanuatu,VLI,South Pacific,
Santo (SON),Santo,Vanuatu,SON,South Pacific,
Futuna (FUT),Futuna,Wallis and Futuna Islands,FUT,South Pacific,
Wallis (WLS),Wallis,Wallis and Futuna Islands,WLS,South Pacific,
Auckland (AKL),Auckland,New Zealand,AKL,South Pacific ,
Blenheim (BHE),Blenheim,New Zealand,BHE,South Pacific ,
Christchurch (CHC),Christchurch,New Zealand,CHC,South Pacific ,
Dunedin (DUD),Dunedin,New Zealand,DUD,South Pacific ,
Incercargill (IVC),Incercargill,New Zealand,IVC,South Pacific ,
Invercargill (IVC),Invercargill,New Zealand,IVC,South Pacific ,
Milford Sound (MFN),Milford Sound,New Zealand,MFN,South Pacific ,
Mount Cook (GTN),Mount Cook,New Zealand,GTN,South Pacific ,
Nelson (NSN),Nelson,New Zealand,NSN,South Pacific ,
Palmerston North (PMR),Palmerston North,New Zealand,PMR,South Pacific ,
Queenstown (ZQN),Queenstown,New Zealand,ZQN,South Pacific ,
Rotorua (ROT),Rotorua,New Zealand,ROT,South Pacific ,
Te Anau (TEU),Te Anau,New Zealand,TEU,South Pacific ,
Wellington (WLG),Wellington,New Zealand,WLG,South Pacific ,
Whakatane (WHK),Whakatane,New Zealand,WHK,South Pacific ,
Whangarei (WRE),Whangarei,New Zealand,WRE,South Pacific ,
Lome (LFW),Lome,Togo,LFW,South Pacific ,
Nuku'alofa - Fua'Amotu International (TBU),Nuku'alofa - Fua'Amotu International,Tonga,TBU,South Pacific ,
Phnom Penh - Pochentong (PNH),Phnom Penh - Pochentong,Cambodia,PNH,Southeast Asia,
Vientiane - Wattay (VTE),Vientiane - Wattay,Laos,VTE,Southeast Asia,
Rangoon (Yangon) - Mingaladon (RGN),Rangoon (Yangon) - Mingaladon,Myanmar (Burma),RGN,Southeast Asia,
Yangon (Rangoon) - Mingaladon (RGN),Yangon (Rangoon) - Mingaladon,Myanmar (Burma),RGN,Southeast Asia,
Bandar Seri Begawan (BWN),Bandar Seri Begawan,Brunei,BWN,Southeast Asia,
Kuala Belait (KUB),Kuala Belait,Brunei,KUB,Southeast Asia,
Bujumbura (BJM),Bujumbura,Burundi,BJM,Southeast Asia,
Douala (DLA),Douala,Cameroon,DLA,Southeast Asia,
Garoua (GOU),Garoua,Cameroon,GOU,Southeast Asia,
Maroua (MVR),Maroua,Cameroon,MVR,Southeast Asia,
N'Gaoundere (NGE),N'Gaoundere,Cameroon,NGE,Southeast Asia,
Yaounde (YAO),Yaounde,Cameroon,YAO,Southeast Asia,
Denpasar/Bali (DPS),Denpasar/Bali,Indonesia,DPS,Southeast Asia,
Jakarta - Halim Perdanakusma (HLP),Jakarta - Halim Perdanakusma,Indonesia,HLP,Southeast Asia,
Jakarta - Kemayoran (JKT),Jakarta - Kemayoran,Indonesia,JKT,Southeast Asia,
Jakarta - Soekarno-Hatta (CGK),Jakarta - Soekarno-Hatta,Indonesia,CGK,Southeast Asia,
Medan (MES),Medan,Indonesia,MES,Southeast Asia,
Manado (MDC),Manado,Indonesia,MDC,Southeast Asia,
Surabaya - Juanda (SUB),Surabaya - Juanda,Indonesia,SUB,Southeast Asia,
Tioman (TOD),Tioman,Indonesia,TOD,Southeast Asia,
Ujung Pandang (UPG),Ujung Pandang,Indonesia,UPG,Southeast Asia,
Bintulu (BTU),Bintulu,Malaysia,BTU,Southeast Asia,
Johore Bahru (JHB),Johore Bahru,Malaysia,JHB,Southeast Asia,
Kota Kinabalu (BKI),Kota Kinabalu,Malaysia,BKI,Southeast Asia,
Kuala Lumpur - Int'l Airport (KUL),Kuala Lumpur - Intl Airport,Malaysia,KUL,Southeast Asia,
Kuala Lumpur - Sultan Abdul Aziz Shah (SZB),Kuala Lumpur - Sultan Abdul Aziz Shah,Malaysia,SZB,Southeast Asia,
Kuantan (KUA),Kuantan,Malaysia,KUA,Southeast Asia,
Kuching (KCH),Kuching,Malaysia,KCH,Southeast Asia,
Labuan (LBU),Labuan,Malaysia,LBU,Southeast Asia,
Langkawi (LGK),Langkawi,Malaysia,LGK,Southeast Asia,
Miri (MYY),Miri,Malaysia,MYY,Southeast Asia,
Penang International (PEN),Penang International,Malaysia,PEN,Southeast Asia,
Sibu (SBW),Sibu,Malaysia,SBW,Southeast Asia,
Tawau (TWU),Tawau,Malaysia,TWU,Southeast Asia,
Lae (LAE),Lae,Papua New Guinea,LAE,Southeast Asia,
Manguna (MFO),Manguna,Papua New Guinea,MFO,Southeast Asia,
Port Moresby - Jackson Field (POM),Port Moresby - Jackson Field,Papua New Guinea,POM,Southeast Asia,
Cebu (CBU),Cebu,Philippines,CBU,Southeast Asia,
Mactan Island - Nab (NOP),Mactan Island - Nab,Philippines,NOP,Southeast Asia,
Manila - Ninoy Aquino Int'l (MNL),Manila - Ninoy Aquino Int'l,Philippines,MNL,Southeast Asia,
Bangkok (BKK),Bangkok,Thailand,BKK,Southeast Asia,
Chiang Mai (CNX),Chiang Mai,Thailand,CNX,Southeast Asia,
Hatyai (Hat Yai) (HDY),Hatyai (Hat Yai),Thailand,HDY,Southeast Asia,
Pattaya (PYX),Pattaya,Thailand,PYX,Southeast Asia,
Phuket (HKT),Phuket,Thailand,HKT,Southeast Asia,
Utapao (Pattaya) (UTP),Utapao (Pattaya),Thailand,UTP,Southeast Asia,
Hanoi - Noibai (HAN),Hanoi - Noibai,Viet Nam,HAN,Southeast Asia,
Ho Chi Minh City (Saigon) (SGN),Ho Chi Minh City (Saigon),Viet Nam,SGN,Southeast Asia,
Hue - Phu Bai (HUI),Hue - Phu Bai,Viet Nam,HUI,Southeast Asia,
Saigon (Ho Chi Minh City) (SGN),Saigon (Ho Chi Minh City),Viet Nam,SGN,Southeast Asia,
